{"cameraMode":{"drawMode":2,"name":"Shaded Wireframe","section":"Shading Mode"},"sceneLighting":false,"audioPlay":false,"sceneViewState":{"showFog":true,"showMaterialUpdate":false,"showSkybox":true,"showFlares":true,"showImageEffects":true,"showParticleSystems":true},"in2DMode":false,"pivot":{"x":1.54213285446167,"y":3.339845657348633,"z":0.45492181181907656},"rotation":{"x":-0.30663159489631655,"y":0.45635440945625307,"z":-0.17115016281604768,"w":-0.8175809383392334},"size":6.275540351867676,"orthographic":false}