{"cameraMode":{"drawMode":2,"name":"Shaded Wireframe","section":"Shading Mode"},"sceneLighting":false,"audioPlay":false,"sceneViewState":{"showFog":true,"showMaterialUpdate":false,"showSkybox":true,"showFlares":true,"showImageEffects":true,"showParticleSystems":true},"in2DMode":false,"pivot":{"x":1.5420775413513184,"y":3.3396692276000978,"z":0.4550246298313141},"rotation":{"x":-0.04156995192170143,"y":0.9582876563072205,"z":-0.1910729706287384,"w":-0.20846115052700044},"size":8.375541687011719,"orthographic":false}