{"cameraMode":{"drawMode":0,"name":"Shaded","section":"Shading Mode"},"sceneLighting":true,"audioPlay":false,"sceneViewState":{"showFog":true,"showMaterialUpdate":false,"showSkybox":true,"showFlares":true,"showImageEffects":true,"showParticleSystems":true},"in2DMode":false,"pivot":{"x":-1.3991154432296754,"y":-7.709178447723389,"z":222.6666717529297},"rotation":{"x":0.16398563981056214,"y":-0.05619540810585022,"z":0.009357322007417679,"w":0.9848164916038513},"size":204.90951538085938,"orthographic":false}