{"cameraMode":{"drawMode":0,"name":"Shaded","section":"Shading Mode"},"sceneLighting":true,"audioPlay":false,"sceneViewState":{"showFog":true,"showMaterialUpdate":false,"showSkybox":true,"showFlares":true,"showImageEffects":true,"showParticleSystems":true},"in2DMode":false,"pivot":{"x":105.53069305419922,"y":6.94024658203125,"z":44.246253967285159},"rotation":{"x":0.036530207842588428,"y":0.9045432806015015,"z":-0.4173738360404968,"w":0.07916861027479172},"size":27.601463317871095,"orthographic":false}