{"cameraMode":{"drawMode":0,"name":"Shaded","section":"Shading Mode"},"sceneLighting":true,"audioPlay":false,"sceneViewState":{"showFog":true,"showMaterialUpdate":false,"showSkybox":true,"showFlares":true,"showImageEffects":true,"showParticleSystems":true},"in2DMode":false,"pivot":{"x":-11.51294994354248,"y":58.95036315917969,"z":-26.81224822998047},"rotation":{"x":-0.004340490326285362,"y":0.9804545044898987,"z":-0.1954934298992157,"w":-0.021768620237708093},"size":113.65565490722656,"orthographic":false}