{"cameraMode":{"drawMode":0,"name":"Shaded","section":"Shading Mode"},"sceneLighting":true,"audioPlay":false,"sceneViewState":{"showFog":true,"showMaterialUpdate":false,"showSkybox":true,"showFlares":true,"showImageEffects":true,"showParticleSystems":true},"in2DMode":false,"pivot":{"x":105.53069305419922,"y":6.94024658203125,"z":44.246253967285159},"rotation":{"x":-0.16546978056430818,"y":0.7668992877006531,"z":-0.2187075912952423,"w":-0.5802202820777893},"size":27.601463317871095,"orthographic":false}