{"cameraMode":{"drawMode":0,"name":"Shaded","section":"Shading Mode"},"sceneLighting":true,"audioPlay":false,"sceneViewState":{"showFog":true,"showMaterialUpdate":true,"showSkybox":true,"showFlares":true,"showImageEffects":true,"showParticleSystems":true},"in2DMode":false,"pivot":{"x":-1.4124155044555665,"y":1.0306254625320435,"z":3.4964892864227297},"rotation":{"x":-0.005274886731058359,"y":-0.9872437119483948,"z":0.15558509528636933,"w":-0.033473655581474307},"size":1.489061951637268,"orthographic":false}