{"cameraMode":{"drawMode":0,"name":"Shaded","section":"Shading Mode"},"sceneLighting":true,"audioPlay":false,"sceneViewState":{"showFog":true,"showMaterialUpdate":true,"showSkybox":true,"showFlares":true,"showImageEffects":true,"showParticleSystems":true},"in2DMode":false,"pivot":{"x":8.313201904296875,"y":3.3079168796539308,"z":-16.005516052246095},"rotation":{"x":-0.11512041091918946,"y":-0.0857175886631012,"z":0.009971416555345059,"w":-0.9895973205566406},"size":3.0316314697265627,"orthographic":false}