{"cameraMode":{"drawMode":0,"name":"Shaded","section":"Shading Mode"},"sceneLighting":true,"audioPlay":false,"sceneViewState":{"showFog":true,"showMaterialUpdate":false,"showSkybox":true,"showFlares":true,"showImageEffects":true,"showParticleSystems":true},"in2DMode":false,"pivot":{"x":32.48749542236328,"y":12.187496185302735,"z":36.669593811035159},"rotation":{"x":-0.014261790551245213,"y":0.9852423667907715,"z":-0.13532714545726777,"w":-0.10383234173059464},"size":93.71783447265625,"orthographic":false}