{"cameraMode":{"drawMode":0,"name":"Shaded","section":"Shading Mode"},"sceneLighting":true,"audioPlay":false,"sceneViewState":{"showFog":true,"showMaterialUpdate":false,"showSkybox":true,"showFlares":true,"showImageEffects":true,"showParticleSystems":true},"in2DMode":false,"pivot":{"x":12.697880744934082,"y":14.194164276123047,"z":-18.134490966796876},"rotation":{"x":0.41069158911705019,"y":0.5226505398750305,"z":0.6763575077056885,"w":-0.3173562288284302},"size":97.62115478515625,"orthographic":false}