{"cameraMode":{"drawMode":0,"name":"Shaded","section":"Shading Mode"},"sceneLighting":true,"audioPlay":false,"sceneViewState":{"showFog":true,"showMaterialUpdate":true,"showSkybox":true,"showFlares":true,"showImageEffects":true,"showParticleSystems":true},"in2DMode":false,"pivot":{"x":4.525235652923584,"y":0.3751448392868042,"z":-2.3843605518341066},"rotation":{"x":0.18043184280395509,"y":0.02802811935544014,"z":-0.005143668968230486,"w":0.9831752181053162},"size":15.427552223205567,"orthographic":false}