{"cameraMode":{"drawMode":0,"name":"Shaded","section":"Shading Mode"},"sceneLighting":true,"audioPlay":false,"sceneViewState":{"showFog":true,"showMaterialUpdate":true,"showSkybox":true,"showFlares":true,"showImageEffects":true,"showParticleSystems":true},"in2DMode":false,"pivot":{"x":-1.5866496562957764,"y":0.7740508317947388,"z":2.750004768371582},"rotation":{"x":0.009701531380414963,"y":0.9830721020698547,"z":-0.054616622626781467,"w":0.1746230572462082},"size":4.16300630569458,"orthographic":false}