{"cameraMode":{"drawMode":0,"name":"Shaded","section":"Shading Mode"},"sceneLighting":true,"audioPlay":false,"sceneViewState":{"showFog":true,"showMaterialUpdate":true,"showSkybox":true,"showFlares":true,"showImageEffects":true,"showParticleSystems":true},"in2DMode":false,"pivot":{"x":-2.7317817211151125,"y":1.2596653699874879,"z":2.4691381454467775},"rotation":{"x":-0.002519196132197976,"y":0.9815415143966675,"z":-0.190806582570076,"w":-0.012961137108504773},"size":9.724611282348633,"orthographic":false}